{
  "ts": "20260218_075816",
  "camera_index": 0,
  "roi": {
    "x": 336,
    "y": 144,
    "w": 288,
    "h": 216
  },
  "quality": {
    "ok": false,
    "reasons": [
      "Too dark (brightness=19.0)",
      "Too blurry (sharpness=0.6)"
    ],
    "metrics": {
      "brightness": 18.97849151234568,
      "glare_ratio": 0.0,
      "sharpness": 0.5630786530555529
    }
  },
  "measure": {
    "edge_density": 0.0012217078189300412,
    "continuity": 76.0,
    "score": 0.0118378544327886
  },
  "verdict": "REPLACE",
  "session": {
    "vehicle_id": null,
    "tire_position": "FL",
    "operator": null,
    "notes": null
  },
  "calibration": {
    "px_per_mm": 21.742354978244652,
    "mm_per_px": 0.04599317787795285,
    "method": "two_point"
  }
}