{
  "px_per_mm": 27.364941074301623,
  "mm_per_px": 0.036543108106273196,
  "method": "two_point"
}