{
  "px_per_mm": 30.524088847990203,
  "mm_per_px": 0.032761010655551245,
  "method": "two_point"
}