{
  "px_per_mm": 32.28374203836972,
  "mm_per_px": 0.030975343527757247,
  "method": "two_point"
}