{
  "px_per_mm": 21.611339616044166,
  "mm_per_px": 0.046272004316548904,
  "method": "two_point"
}