{
  "px_per_mm": 34.80517202945562,
  "mm_per_px": 0.02873136208474131,
  "method": "two_point"
}