{
  "px_per_mm": 32.04949297570868,
  "mm_per_px": 0.031201741654943854,
  "method": "two_point"
}