{
  "px_per_mm": 33.84213350248474,
  "mm_per_px": 0.029548964456587185,
  "method": "two_point"
}