{
  "px_per_mm": 20.000249998437518,
  "mm_per_px": 0.04999937501171851,
  "method": "two_point"
}