{
  "px_per_mm": 19.185932346383378,
  "mm_per_px": 0.052121522266730176,
  "method": "two_point"
}