{
  "px_per_mm": 10.599056561788883,
  "mm_per_px": 0.09434801995539331,
  "method": "two_point"
}