{
  "px_per_mm": 20.10024875467963,
  "mm_per_px": 0.04975062807454985,
  "method": "two_point"
}