{
  "px_per_mm": 12.840560735419619,
  "mm_per_px": 0.07787821891933296,
  "method": "two_point"
}